Page,URL,Rect,Context
1,https://busquedas.elperuano.pe/dispositivo/NL/2390802-1,"(328.6199951171875, 164.989990234375, 473.75, 177.6400146484375)","Datem del Marañón, Loreto, Alto Amazo oreto. (El Peruano, Normas Legales)"
1,https://busquedas.elperuano.pe/dispositivo/NL/2390725-1,"(514.9199829101562, 202.94000244140625, 532.260009765625, 215.59002685546875)",ctorio del NAFE. (El
1,https://busquedas.elperuano.pe/dispositivo/NL/2390725-1,"(82.80000305175781, 215.59002685546875, 215.08999633789062, 228.239990234375)","Fondo Nacional de Financiamien Peruano, Normas Legales)"
1,https://www.facebook.com/photo/?fbid=122153249462545333&set=a.122140281014545333,"(405.8599853515625, 329.42999267578125, 483.8800048828125, 342.0799865722656)","agua potable y saneamien nass. (La Otra Acera, Revis chos de Piura, Expresión Lib"
1,https://www.facebook.com/photo/?fbid=1744279413028508&set=a.1057168758406247,"(488.0199890136719, 329.42999267578125, 532.260009765625, 342.0799865722656)","saneamiento Acera, Revista xpresión Libre"
1,https://www.facebook.com/photo/?fbid=1744279413028508&set=a.1057168758406247,"(82.80000305175781, 342.0799865722656, 198.42999267578125, 354.7300109863281)","mediante el nuevo punto de Regional El Encuentro, Pano Magazín, Periódico El Transp"
1,https://www.facebook.com/photo/?fbid=1133997695411683&set=a.323492286462232,"(200.8800048828125, 342.0799865722656, 355.0299987792969, 354.7300109863281)","vo punto de atención que instaló la Suna entro, Panorama Informativo Sullana, Hech co El Transportista, Programa Buenos Días"
1,https://www.facebook.com/photo/?fbid=1260788749385592&set=a.718173376980468,"(357.4800109863281, 342.0799865722656, 444.9800109863281, 354.7300109863281)","aló la Sunass. (La Otra Acer ullana, Hechos de Piura, Expre Buenos Días Paita Noticias, M"
1,https://www.facebook.com/photo/?fbid=1075702177910845&set=a.322443046570099,"(447.42999267578125, 342.0799865722656, 532.260009765625, 354.7300109863281)","a Otra Acera, Revista Piura, Expresión Libre a Noticias, MHnoticias,"
1,https://www.facebook.com/photo/?fbid=1075702177910845&set=a.322443046570099,"(82.80000305175781, 354.7300109863281, 129.49000549316406, 367.3699951171875)","Regional El En Magazín, Perió Sullana en la N"
1,https://www.facebook.com/photo/?fbid=653165420904914&set=a.108066292081499,"(132.5800018310547, 354.7300109863281, 265.989990234375, 367.3699951171875)","gional El Encuentro, Panorama Informat gazín, Periódico El Transportista, Progr lana en la Noticias)"
1,https://www.facebook.com/photo/?fbid=980118311000784&set=a.407743561571598,"(269.0799865722656, 354.7300109863281, 464.1499938964844, 367.3699951171875)","ma Informativo Sullana, Hechos de Piura, Expresión ortista, Programa Buenos Días Paita Noticias, MHno"
1,https://www.facebook.com/photo/?fbid=122129948282693859&set=a.122108624150693859,"(467.239990234375, 354.7300109863281, 526.1400146484375, 367.3699951171875)","a, Expresión Libre ticias, MHnoticias,"
1,https://www.facebook.com/photo/?fbid=646737408228204&set=a.111572665078017,"(82.80000305175781, 367.3699951171875, 193.0800018310547, 380.0199890136719)","Magazín, Periódico El Trans Sullana en la Noticias)"
1,https://diariocorreo.pe/edicion/ica/ica-podran-recibir-orientacion-ante-facturaciones-elevadas-en-modulo-de-la-sunass-en-mega-plaza-noticia/,"(488.0199890136719, 430.6199951171875, 526.1400146484375, 443.2699890136719)","or Atención al nass. (Correo,"
1,https://www.verdaddelpueblo.com/2025/04/mega-plaza-ica-usuarios-podran-recibir.html,"(122.54000091552734, 443.2699890136719, 249.33999633789062, 455.9200134277344)","Ciudadano (MAC) del Mega Plaza Ica, d Correo, Diario Verdad del Pueblo, Poco"
1,https://www.facebook.com/share/p/1CoMomk1ZQ/,"(250.9499969482422, 443.2699890136719, 308.6400146484375, 455.9200134277344)","Plaza Ica, donde encont ueblo, Poco Floro, Prens"
1,https://www.facebook.com/share/p/18wm18gWd3/,"(310.25, 443.2699890136719, 413.17999267578125, 455.9200134277344)","onde encontrará un módulo de la Floro, Prensa Digital Pisco)"
1,https://www.facebook.com/share/p/156Wn1S6DH/,"(491.67999267578125, 506.510009765625, 532.260009765625, 519.1600341796875)",mo el talento milia. (Centro
1,https://www.facebook.com/share/p/156Wn1S6DH/,"(82.80000305175781, 519.1600341796875, 181.4600067138672, 531.8099975585938)","artístico de niñas, niños y de Noticias Ancash, Porta"
1,https://www.facebook.com/share/p/16UHriKBu6/,"(183.07000732421875, 519.1600341796875, 312.29998779296875, 531.8099975585938)","ñas, niños y adolescentes, junto a sus ncash, Portal de Noticias Huaraz)"
1,https://elhuerequeque.com/noticias/sunass-fiscaliza-mantenimiento-de-sistemas-de-agua-potable-en-ciudad-eten-puerto-eten-y-monsefu/,"(149.61000061035156, 607.7000122070312, 233.1699981689453, 620.3499755859375)","obar que cuenten con elemen encia. (El Huerequeque, Trujill ante)"
1,https://trujillolimpio.com/2025/04/12/sunass-supervisa-condiciones-del-sistema-de-agua-potable-en-tres-distritos-de-lambayeque/,"(234.33999633789062, 607.7000122070312, 306.25, 620.3499755859375)","con elementos de protecc ueque, Trujillo Limpio, Chicla"
1,https://www.facebook.com/share/p/19V7khzxSr/,"(307.4200134277344, 607.7000122070312, 386.0799865722656, 620.3499755859375)","s de protección y operativida Limpio, Chiclayo Ahora, ABCN"
1,https://www.facebook.com/share/p/15wrXuXmpw/,"(387.25, 607.7000122070312, 441.260009765625, 620.3499755859375)","y operatividad ante situ Ahora, ABCNorte, El Ch"
1,https://www.facebook.com/share/p/15wpT2Whf7/,"(442.42999267578125, 607.7000122070312, 513.75, 620.3499755859375)","dad ante situaciones de Norte, El Chiclayano, El"
1,https://www.facebook.com/share/p/16D8iFxcXd/,"(514.9199829101562, 607.7000122070312, 532.260009765625, 620.3499755859375)","iones de ayano, El"
1,https://www.facebook.com/share/p/16D8iFxcXd/,"(82.80000305175781, 620.3499755859375, 139.8800048828125, 633.0)",emergencia. (El H Informante)
2,https://www.gob.pe/institucion/contraloria/noticias/1145766-alertan-riesgo-que-no-se-realice-valoracion-real-del-costo-de-obras-pendientes-de-la-planta-de-tratamiento-de-aguas-residuales-de-huaral,"(117.05000305175781, 114.4000244140625, 175.9600067138672, 127.03997802734375)",antes el estado de cada e 2022. (Contraloría)
2,https://buenapepa.pe/trujillo-sin-agua-habra-restriccion-del-servicio/,"(310.8399963378906, 202.94000244140625, 375.8900146484375, 215.59002685546875)","de La Esperanza, El Porv verry. (Buena Pepa)"
2,https://macronorte.pe/2025/04/14/alcalde-mario-reyna-citara-a-funcionario-de-sedalib-por-contaminacion-de-totorales-en-huanchaco/,"(86.46299743652344, 304.1300048828125, 146.60000610351562, 316.7799987792969)","no implique arroja (Macronorte, Trujill"
2,https://trujilloeshoy.com/alcalde-citara-a-funcionarios-de-sedalib-para-ver-contaminacion-de-totorales/,"(148.2100067138672, 304.1300048828125, 207.72000122070312, 316.7799987792969)","plique arrojar las agua onorte, Trujillo Hoy)"
2,https://diariocorreo.pe/edicion/la-libertad/sedalib-tapara-el-desague-en-8-areas-de-huanchaco-la-libertad-peru-trujillo-noticia/?ref=dcr,"(289.489990234375, 380.0199890136719, 327.6099853515625, 392.6700134277344)",red troncal e ingresa apsar. (Correo)
2,https://macronorte.pe/2025/04/14/revisaran-convenio-donde-la-mpt-otorga-facultades-en-saneamiento-al-ministerio-de-vivienda/,"(328.010009765625, 455.9200134277344, 388.1400146484375, 468.57000732421875)","n, será revisado por la G ación. (Macronorte)"
2,https://www.exitosanoticias.pe/exitosa-peru/robo-sunass-liberan-implicados-asalto-sede-huancayo-pese-pruebas-fiscalia-n149236,"(320.6499938964844, 544.4600219726562, 361.2300109863281, 557.1099853515625)","ó en libertad a dos de calía. (Exitosa, Exitos"
2,https://x.com/exitosape/status/1911966854043574745,"(362.8399963378906, 544.4600219726562, 403.4100036621094, 557.1099853515625)","rtad a dos de los pres xitosa, Exitosa, Latina"
2,https://www.youtube.com/watch?v=oJhS4VJfbwo,"(405.0199890136719, 544.4600219726562, 439.489990234375, 557.1099853515625)","s de los presuntos de xitosa, Latina)"
2,https://visor.peruquiosco.pe/diario-correo-tacna/20250412,"(403.2200012207031, 645.6500244140625, 441.3399963378906, 658.2999877929688)",e cuenta con la auto ozos. (Correo)
3,https://noticiaspiura30.pe/crisis-financiera-limita-capacidad-operativa-de-la-eps-grau/,"(137.2100067138672, 101.75, 209.57000732421875, 114.4000244140625)",do a la entidad sin liqui esos. (Noticias Piura)
3,https://canaln.pe/actualidad/ayacucho-bloquean-carretera-exigir-obras-agua-y-desague-n482508,"(313.9100036621094, 190.28997802734375, 358.1499938964844, 202.94000244140625)","en agua contaminada, antes. (Canal N)"
3,https://www.facebook.com/JuanNunuraPeriodista/videos/2501259376893949,"(278.4800109863281, 240.8900146484375, 331.2900085449219, 267.530029296875)",as residuales. Municipio ndido. (Facebook)
3,https://www.gob.pe/institucion/mtc/noticias/1145721-mtc-y-sedapal-firman-convenio-clave-para-liberar-interferencias-y-asegurar-avance-del-anillo-vial-periferico,"(430.07000732421875, 356.0799865722656, 458.3999938964844, 368.7300109863281)","la ejecución del p allao”. (MTC, Gesti"
3,https://gestion.pe/economia/anillo-vial-periferico-mtc-y-sedapal-firman-convenio-para-asegurar-avance-de-obras-noticia/?ref=gesr,"(460.010009765625, 356.0799865722656, 502.4200134277344, 368.7300109863281)","cución del proyecto (MTC, Gestión)"
3,https://ahora.com.pe/arranca-proyecto-para-mejorar-agua-y-alcantarillado-en-cuatro-distritos-de-huanuco/,"(165.94000244140625, 431.9700012207031, 199.8000030517578, 444.6199951171875)",á en cuatro distritos Valle. (Ahora)
3,https://www.gob.pe/institucion/regionlambayeque/noticias/1145977-gobierno-regional-de-lambayeque-exige-impulso-del-proyecto-de-planta-de-tratamiento-de-agua-potable-de-chiclayo-en-reunion-con-ministerio-de,"(484.95001220703125, 583.760009765625, 525.5399780273438, 596.4100341796875)",os estratégicos clayo. (Gob.pe)
3,https://www.gob.pe/institucion/pcm/noticias/1145813-ejecutivo-y-gobiernos-regionales-articulan-agenda-de-desarrollo-en-edicion-vii-consejo-de-estado-regional,"(138.4199981689453, 672.2999877929688, 179.0, 684.9500122070312)",blecer una agenda orios. (Gob.pe)
4,http://imacorpplataforma.com/wp-content/uploads/2025/04/EL-PERUANO-PAIS-5-INCENDIO-TARDARA-EN-SER-EXTINGUIDO-15-04-2025.jpg,"(337.7799987792969, 114.4000244140625, 440.7099914550781, 127.03997802734375)","omberos enfrentan diversos desa agua. El Peruano, País, 5"
4,http://imacorpplataforma.com/wp-content/uploads/2025/04/EL-PERUANO-POLITICA-4-PROTEGEN-DEL-FRIO-A-PUEBLOS-VULNERABLES-14-04-2025-scaled.jpg,"(112.75, 266.17999267578125, 171.67999267578125, 278.83001708984375)",Llactuyo y Chapicucho c vida. (El Peruano)
4,http://imacorpplataforma.com/wp-content/uploads/2025/04/EL-PERUANO-ECONOMIA-11-CONSTRUCCION-DE-120-VIVIENDAS-PERMITIRA-REDUCIR-BRECHA-HABITACIONAL-14-04-2025-scaled.jpg,"(395.82000732421875, 430.6199951171875, 454.75, 443.2699890136719)","metros cuadrados, cuan presó. (El Peruano)"
4,http://imacorpplataforma.com/wp-content/uploads/2025/04/GESTION-ECONOMIA-14-GOBIERNO-RECHAZO-PEDIDO-PARA-PROMOVER-DEPARTAMENTOS-MENORES-A-40-M2-14-04-2025.jpg,"(357.3399963378906, 519.1600341796875, 399.75, 531.8099975585938)",IS) y estableció que 40m2. (Gestión)
4,http://imacorpplataforma.com/wp-content/uploads/2025/04/GESTION-ECONOMIA-16-HAY-4430-PROYECTOS-CRITICOS-QUE-NO-CONTINUARON-ESTE-ANO-14-04-2025.jpg,"(249.0800018310547, 595.0499877929688, 291.489990234375, 607.7000122070312)",tuvieron presupuesto stión. (Gestión)
5,http://imacorpplataforma.com/wp-content/uploads/2025/04/EL-PERUANO-POLITICA-4-PAIS-BRINDA-35000-ATENCIONES-14-04-2025-scaled.jpg,"(147.00999450683594, 63.79998779296875, 205.92999267578125, 76.45001220703125)",dores. (El Peruano)
